"Number","Title","Milestone"
"1","Initialize Moonships Loco project scaffold and directory layout","M0 Foundation"
"2","Configure SQLite database engine and PRAGMA reliability settings","M0 Foundation"
"3","Configure persistent SQLite worker queue","M0 Foundation"
"4","Configure Antigravity project rules and custom agents","M0 Foundation"
"5","Configure Antigravity engineering skills","M0 Foundation"
"6","Configure GitHub Actions CI workflows and Dependabot","M0 Foundation"
"7","Configure repository governance, templates, and guidelines","M0 Foundation"
"8","Implement Server model and migrations","M1 SQLite Domain"
"9","Implement Project and Environment models and migrations","M1 SQLite Domain"
"10","Implement Application model and migrations","M1 SQLite Domain"
"11","Implement EnvironmentVariable model and secret storage","M1 SQLite Domain"
"12","Implement Domain model and routing configuration","M1 SQLite Domain"
"13","Implement Deployment and DeploymentLog models","M1 SQLite Domain"
"14","Implement CryptoService for AES-256-GCM secret encryption","M2 Remote Infrastructure"
"15","Implement GitService for generic repository operations","M2 Remote Infrastructure"
"16","Implement SshService for remote server access","M2 Remote Infrastructure"
"17","Implement DockerService for remote container lifecycle","M2 Remote Infrastructure"
"18","Implement ProxyService for Traefik label generation","M2 Remote Infrastructure"
"19","Implement Server Preflight inspection endpoint","M2 Remote Infrastructure"
"20","Implement DeploymentService orchestration engine","M3 Deployment Engine"
"21","Implement DeploymentWorker with persistent SQLite queue","M3 Deployment Engine"
"22","Implement deployment state machine and transition persistence","M3 Deployment Engine"
"23","Implement deployment concurrency locking (single active deployment)","M3 Deployment Engine"
"24","Implement structured deployment logging stream","M3 Deployment Engine"
"25","Implement HTTP healthcheck verification loop","M3 Deployment Engine"
"26","Implement React Single Page Dashboard application","M4 Dashboard"
"27","Implement real-time deployment log viewer and status monitor","M4 Dashboard"
"28","Implement security boundary tests (injection, traversal, secret masking)","M5 Security"
"29","Implement SQLite backup and disaster recovery procedures","M6 Documentation"
"30","Author comprehensive documentation tree and ADRs","M6 Documentation"
"31","Design PostgreSQL scale adapter","M7 PostgreSQL Adapter"
"32","Plan webhooks, Compose, rollback, and multi-node clustering","M8 Advanced Platform"
